<?xml version="1.0" encoding="UTF-8"?>
<project-private xmlns="http://www.netbeans.org/ns/project-private/1">
    <data xmlns="http://www.netbeans.org/ns/make-project-private/1">
        <activeConfTypeElem>1</activeConfTypeElem>
        <activeConfIndexElem>0</activeConfIndexElem>
    </data>
    <editor-bookmarks xmlns="http://www.netbeans.org/ns/editor-bookmarks/2" lastBookmarkId="0"/>
    <open-files xmlns="http://www.netbeans.org/ns/projectui-open-files/2">
        <group>
            <file>file:/home/soner/NetBeansProjects/HW7_141044085_Soner_Akar/my_complex.h</file>
            <file>file:/home/soner/NetBeansProjects/HW7_141044085_Soner_Akar/my_reel.cpp</file>
            <file>file:/home/soner/NetBeansProjects/HW7_141044085_Soner_Akar/my_reel.h</file>
            <file>file:/home/soner/NetBeansProjects/HW7_141044085_Soner_Akar/my_rational.h</file>
            <file>file:/home/soner/NetBeansProjects/HW7_141044085_Soner_Akar/my_irrational.h</file>
            <file>file:/home/soner/NetBeansProjects/HW7_141044085_Soner_Akar/my_natural.h</file>
            <file>file:/home/soner/NetBeansProjects/HW7_141044085_Soner_Akar/my_imaginary.cpp</file>
            <file>file:/home/soner/NetBeansProjects/HW7_141044085_Soner_Akar/my_integer.cpp</file>
            <file>file:/home/soner/NetBeansProjects/HW7_141044085_Soner_Akar/my_natural.cpp</file>
            <file>file:/home/soner/NetBeansProjects/HW7_141044085_Soner_Akar/my_rational.cpp</file>
            <file>file:/home/soner/NetBeansProjects/HW7_141044085_Soner_Akar/my_integer.h</file>
            <file>file:/home/soner/NetBeansProjects/HW7_141044085_Soner_Akar/my_complex.cpp</file>
            <file>file:/home/soner/NetBeansProjects/HW7_141044085_Soner_Akar/main.cpp</file>
            <file>file:/home/soner/NetBeansProjects/HW7_141044085_Soner_Akar/my_imaginary.h</file>
            <file>file:/home/soner/NetBeansProjects/HW7_141044085_Soner_Akar/my_irrational.cpp</file>
        </group>
    </open-files>
</project-private>
